filename,width,height,class,xmin,ymin,xmax,ymax
025265200_1596521116-Seorang-Wanita-Mengalami-Maskne-shutterstock_1777970591.jpg,640,640,mask_weared_incorrect,194,40,456,397
1.jpg,1180,663,with_mask,426,208,567,372
10.jpg,1140,655,with_mask,524,72,740,332
100.jpg,259,194,with_mask,99,33,132,77
101.jpg,300,168,with_mask,96,30,172,131
102.jpg,300,168,with_mask,40,10,85,64
102.jpg,300,168,with_mask,156,36,188,74
103.jpg,262,192,with_mask,91,29,180,148
104.jpg,275,183,with_mask,102,25,181,120
105.jpg,304,166,with_mask,100,9,187,104
106.jpg,275,183,with_mask,120,31,205,147
107.jpg,275,183,with_mask,154,53,207,120
108.jpg,292,172,with_mask,166,21,214,86
109.jpg,259,194,with_mask,125,10,175,76
11.jpg,600,400,with_mask,108,48,281,250
110.jpg,275,183,with_mask,104,46,176,154
111.jpg,275,183,with_mask,147,13,215,91
112.jpg,390,280,with_mask,164,43,247,148
113.jpg,300,168,with_mask,31,16,53,44
113.jpg,300,168,with_mask,88,13,110,46
113.jpg,300,168,with_mask,195,10,227,58
114.jpg,270,187,with_mask,44,17,75,61
114.jpg,270,187,with_mask,112,37,144,78
114.jpg,270,187,with_mask,181,15,215,55
115.jpg,275,183,with_mask,17,23,59,80
115.jpg,275,183,with_mask,127,31,166,82
115.jpg,275,183,with_mask,210,34,250,78
116.jpg,390,280,with_mask,164,15,286,187
117.jpg,275,183,with_mask,23,14,66,77
117.jpg,275,183,with_mask,86,6,123,61
117.jpg,275,183,with_mask,157,16,193,63
117.jpg,275,183,with_mask,209,16,253,68
118.jpg,275,183,with_mask,112,42,143,78
118.jpg,275,183,with_mask,198,22,234,71
119.jpg,295,171,with_mask,2,28,27,67
119.jpg,295,171,with_mask,85,51,106,78
119.jpg,295,171,with_mask,143,44,170,79
119.jpg,295,171,with_mask,172,39,191,62
119.jpg,295,171,with_mask,228,37,255,72
12.jpg,890,534,with_mask,219,67,610,449
120.jpg,258,195,with_mask,90,29,113,62
120.jpg,258,195,with_mask,121,31,144,64
120.jpg,258,195,with_mask,163,28,189,64
120.jpg,258,195,with_mask,50,10,77,45
121.jpg,275,183,with_mask,89,16,119,63
121.jpg,275,183,with_mask,194,36,217,70
121.jpg,275,183,without_mask,23,42,47,74
121.jpg,275,183,without_mask,249,62,272,94
122.jpg,262,192,with_mask,57,53,87,95
122.jpg,262,192,with_mask,141,64,170,105
123.jpg,307,164,with_mask,76,34,125,94
123.jpg,307,164,with_mask,223,6,280,74
124.jpg,1600,1155,with_mask,934,5,1590,775
125.jpg,183,275,with_mask,57,44,131,138
126.jpg,281,179,with_mask,99,52,200,171
127.jpg,275,183,with_mask,136,27,183,87
128.jpg,275,183,with_mask,36,43,62,82
128.jpg,275,183,with_mask,76,61,108,99
128.jpg,275,183,with_mask,109,45,137,82
128.jpg,275,183,with_mask,153,56,181,95
128.jpg,275,183,with_mask,196,49,223,84
129.jpg,262,192,with_mask,14,114,32,143
129.jpg,262,192,with_mask,37,97,56,123
129.jpg,262,192,with_mask,57,111,77,136
129.jpg,262,192,with_mask,81,93,98,122
129.jpg,262,192,with_mask,102,123,120,150
129.jpg,262,192,with_mask,126,96,145,122
129.jpg,262,192,with_mask,151,114,172,142
129.jpg,262,192,with_mask,175,94,193,121
129.jpg,262,192,with_mask,214,100,234,123
129.jpg,262,192,with_mask,202,122,222,150
129.jpg,262,192,with_mask,242,110,262,141
13.jpg,1280,720,with_mask,474,66,743,397
130.jpg,262,193,with_mask,25,41,42,65
130.jpg,262,193,with_mask,58,52,77,81
130.jpg,262,193,with_mask,125,40,145,72
130.jpg,262,193,with_mask,107,44,125,66
130.jpg,262,193,with_mask,193,37,220,74
131.jpg,275,183,with_mask,44,33,58,57
131.jpg,275,183,with_mask,100,47,115,67
131.jpg,275,183,with_mask,140,37,156,57
131.jpg,275,183,with_mask,199,32,215,52
132.jpg,248,203,with_mask,1,55,41,117
132.jpg,248,203,with_mask,69,80,128,150
133.jpg,86,86,with_mask,44,23,59,46
133.jpg,86,86,with_mask,72,14,86,37
134.jpg,275,183,with_mask,90,63,125,114
134.jpg,275,183,with_mask,130,81,150,109
134.jpg,275,183,with_mask,173,75,193,102
135.jpg,264,191,with_mask,85,41,114,78
135.jpg,264,191,with_mask,137,39,166,78
135.jpg,264,191,without_mask,203,32,224,60
136.jpg,275,183,without_mask,85,32,109,61
136.jpg,275,183,without_mask,151,34,178,69
136.jpg,275,183,with_mask,87,32,107,60
136.jpg,275,183,with_mask,150,34,178,69
137.jpg,177,285,with_mask,16,43,164,243
138.jpg,216,234,with_mask,55,57,150,172
139.jpg,86,86,with_mask,28,3,70,54
14.jpg,1079,1067,with_mask,351,307,710,660
140.jpg,759,422,with_mask,274,48,430,256
141.jpg,1000,1499,with_mask,195,233,822,1020
142.jpg,197,256,with_mask,55,55,149,174
143.jpg,259,194,with_mask,97,21,152,87
144.jpg,273,184,with_mask,153,18,241,110
145.jpg,318,159,with_mask,22,12,79,82
145.jpg,318,159,with_mask,144,60,198,138
145.jpg,318,159,with_mask,227,75,282,139
146.jpg,271,186,with_mask,109,51,182,144
147.jpg,270,186,with_mask,10,29,71,84
147.jpg,270,186,with_mask,153,55,262,164
147.jpg,270,186,with_mask,91,22,129,60
148.jpg,259,194,with_mask,1,33,86,151
148.jpg,259,194,with_mask,182,31,259,156
148.jpg,259,194,with_mask,103,62,198,185
149.jpg,300,168,with_mask,72,37,120,96
149.jpg,300,168,with_mask,111,14,149,65
15.jpg,400,300,with_mask,127,49,177,111
15.jpg,400,300,with_mask,235,60,282,114
15.jpg,400,300,with_mask,283,44,329,82
150.jpg,277,182,with_mask,63,51,150,153
150.jpg,277,182,with_mask,151,23,226,119
151.jpg,310,163,with_mask,5,73,38,115
151.jpg,310,163,with_mask,43,64,76,104
151.jpg,310,163,with_mask,102,35,144,85
151.jpg,310,163,with_mask,256,64,283,106
151.jpg,310,163,with_mask,156,63,192,111
152.jpg,294,171,with_mask,63,28,107,88
152.jpg,294,171,with_mask,116,48,160,102
153.jpg,300,168,with_mask,87,25,138,102
153.jpg,300,168,with_mask,144,46,183,103
153.jpg,300,168,with_mask,185,41,213,86
154.jpg,282,179,with_mask,155,61,207,129
155.jpg,900,450,with_mask,513,59,779,367
156.jpg,225,225,with_mask,50,49,169,192
157.jpg,252,200,with_mask,54,47,156,166
158.jpg,225,225,with_mask,53,14,197,183
159.jpg,260,194,with_mask,65,8,187,157
16.jpg,1300,867,with_mask,445,217,559,359
16.jpg,1300,867,with_mask,593,63,720,227
16.jpg,1300,867,with_mask,720,185,845,326
16.jpg,1300,867,with_mask,951,102,1075,264
160.jpg,275,183,with_mask,98,53,177,153
1603332839_kareena-kapoor-khan.jpg,1200,800,with_mask,403,114,796,611
161.jpg,225,225,with_mask,52,49,175,193
162.jpg,224,224,with_mask,70,39,174,171
163.jpg,275,183,with_mask,85,42,194,152
164.jpg,314,160,with_mask,110,7,222,129
165.jpg,225,225,with_mask,70,46,160,170
166.jpg,275,183,with_mask,95,7,190,125
167.jpg,224,224,with_mask,55,40,168,176
168.jpg,300,168,with_mask,92,39,179,141
169.jpg,275,183,with_mask,96,47,180,157
17.jpg,1069,580,with_mask,452,131,648,339
170.jpg,300,168,with_mask,162,62,186,99
171.jpg,250,188,with_mask,163,20,193,57
171.jpg,250,188,with_mask,48,25,83,83
172.jpg,275,183,with_mask,80,38,194,174
173.jpg,275,183,with_mask,100,61,182,151
175.jpg,600,450,with_mask,298,84,427,308
176.jpg,299,168,with_mask,120,27,190,113
177.jpg,279,181,with_mask,108,72,164,139
178.jpg,259,194,with_mask,157,38,221,119
179.jpg,275,183,with_mask,70,40,201,165
18.jpg,1800,1800,with_mask,489,233,1280,1249
180.jpg,310,163,with_mask,65,23,139,129
181.jpg,269,187,with_mask,109,44,195,165
182.jpg,281,180,with_mask,107,46,168,122
183.jpg,300,168,with_mask,86,27,139,102
183.jpg,300,168,with_mask,144,49,185,104
183.jpg,300,168,with_mask,185,41,213,86
184.jpg,275,183,with_mask,108,36,159,106
185.jpg,275,183,with_mask,112,30,164,98
186.jpg,1155,649,with_mask,432,117,762,586
187.jpg,259,194,with_mask,74,39,188,186
188.jpg,275,183,with_mask,129,49,241,159
189.jpg,225,225,with_mask,93,39,221,177
19.jpg,600,337,with_mask,210,62,321,194
190.jpg,272,185,with_mask,89,26,183,138
191.jpg,264,191,with_mask,4,1,128,122
192.jpg,275,183,with_mask,101,40,181,142
193.jpg,224,224,with_mask,55,46,164,178
194.jpg,275,183,with_mask,109,50,207,160
195.jpg,200,252,with_mask,22,27,178,229
196.jpg,262,193,with_mask,69,42,188,174
197.jpg,312,162,with_mask,151,34,243,138
198.jpg,264,191,with_mask,108,3,202,114
199.jpg,275,183,with_mask,103,27,171,122
2.jpg,960,960,with_mask,160,119,750,790
20.jpg,1200,674,with_mask,285,4,890,611
200.jpg,284,178,with_mask,128,29,215,142
201.jpg,275,183,with_mask,120,55,226,161
202.jpg,259,194,with_mask,116,44,190,140
203.jpg,308,164,with_mask,149,14,193,67
204.jpg,300,168,with_mask,120,29,184,105
205.jpg,267,189,with_mask,91,49,166,145
206.jpg,1024,967,with_mask,405,120,638,415
207.jpg,275,183,with_mask,142,12,202,90
208.jpg,300,168,with_mask,36,14,108,95
208.jpg,300,168,with_mask,172,19,255,125
208.jpg,300,168,with_mask,107,2,172,80
209.jpg,259,194,with_mask,91,40,183,165
21.jpg,2364,2364,with_mask,575,353,1800,1938
210.jpg,298,169,with_mask,90,25,180,136
211.jpg,275,183,with_mask,106,28,176,121
212.jpg,272,185,with_mask,37,34,116,116
212.jpg,272,185,with_mask,117,59,197,156
212.jpg,272,185,with_mask,183,10,258,121
213.jpg,275,184,with_mask,23,62,75,124
213.jpg,275,184,with_mask,88,82,145,154
213.jpg,275,184,with_mask,155,15,203,80
213.jpg,275,184,with_mask,221,41,275,110
214.jpg,297,170,with_mask,140,54,194,123
214.jpg,297,170,with_mask,55,52,115,110
215.jpg,411,122,with_mask,194,11,268,110
215.jpg,411,122,with_mask,73,14,159,89
216.jpg,277,182,with_mask,60,47,150,163
217.jpg,275,183,with_mask,117,24,199,120
218.jpg,299,168,with_mask,121,58,200,165
219.jpg,300,168,with_mask,61,40,113,112
219.jpg,300,168,with_mask,138,118,185,168
219.jpg,300,168,with_mask,117,40,156,99
219.jpg,300,168,with_mask,150,34,186,81
219.jpg,300,168,with_mask,177,19,221,73
22.jpg,1200,635,with_mask,660,159,919,416
220.jpg,300,168,with_mask,30,3,200,168
221.jpg,960,1280,with_mask,203,376,338,529
221.jpg,960,1280,with_mask,421,325,544,486
221.jpg,960,1280,with_mask,632,421,774,594
223.jpg,301,167,with_mask,110,26,159,83
223.jpg,301,167,with_mask,120,96,174,164
223.jpg,301,167,with_mask,210,32,258,100
224.jpg,318,159,with_mask,69,66,92,93
224.jpg,318,159,with_mask,106,75,126,105
225.jpg,260,194,with_mask,17,112,45,144
225.jpg,260,194,with_mask,20,51,49,82
225.jpg,260,194,with_mask,82,79,111,106
225.jpg,260,194,with_mask,90,20,116,54
225.jpg,260,194,with_mask,123,64,156,108
225.jpg,260,194,with_mask,193,8,232,44
226.jpg,272,185,with_mask,30,73,95,149
226.jpg,272,185,with_mask,99,65,162,144
226.jpg,272,185,with_mask,120,1,189,74
226.jpg,272,185,with_mask,194,14,272,126
227.jpg,275,183,with_mask,78,13,127,80
228.jpg,275,183,with_mask,193,34,219,70
228.jpg,275,183,with_mask,88,17,119,62
229.jpg,576,266,with_mask,100,90,209,222
229.jpg,576,266,with_mask,246,12,346,151
229.jpg,576,266,with_mask,380,95,527,266
23.jpg,250,250,with_mask,65,66,177,209
230.jpg,571,262,with_mask,228,45,282,115
230.jpg,571,262,with_mask,303,86,357,159
231.jpg,1280,960,with_mask,445,147,566,300
231.jpg,1280,960,with_mask,555,380,692,568
231.jpg,1280,960,with_mask,819,230,1114,600
232.jpg,3456,4608,with_mask,870,918,1877,2418
232.jpg,3456,4608,with_mask,2070,732,3449,2275
233.jpg,3442,1937,with_mask,879,237,1375,868
233.jpg,3442,1937,with_mask,1893,227,2403,865
236.jpg,248,203,with_mask,64,30,193,199
237.jpg,4608,2592,with_mask,2590,309,3328,1209
238.jpg,275,183,with_mask,103,25,177,121
239.jpg,259,194,with_mask,96,6,166,89
24.jpg,630,360,with_mask,2,116,106,252
24.jpg,630,360,with_mask,257,62,385,238
24.jpg,630,360,with_mask,380,43,466,212
240.jpg,184,274,with_mask,62,49,145,158
241.jpg,275,183,with_mask,131,44,234,156
242.jpg,262,192,with_mask,93,15,175,110
243.jpg,318,159,with_mask,98,3,241,159
244.jpg,259,194,with_mask,48,33,130,151
245.jpg,259,194,with_mask,101,42,162,115
246.jpg,275,183,with_mask,156,24,202,81
247.jpg,232,217,with_mask,120,52,172,124
248.jpg,299,168,with_mask,121,34,177,113
249.jpg,650,488,with_mask,198,56,410,296
25.jpg,1200,857,with_mask,519,279,763,572
251.jpg,976,549,without_mask,385,76,599,321
252.jpg,201,251,without_mask,56,70,167,197
253.jpg,300,168,without_mask,63,31,97,81
253.jpg,300,168,without_mask,97,47,133,92
253.jpg,300,168,without_mask,143,43,184,91
253.jpg,300,168,without_mask,200,10,244,65
254.jpg,600,450,without_mask,160,22,392,353
255.jpg,550,527,without_mask,144,59,341,294
256.jpg,1200,630,without_mask,219,68,446,326
256.jpg,1200,630,without_mask,813,314,1030,539
257.jpg,918,506,without_mask,322,14,558,287
258.jpg,390,280,without_mask,206,40,270,122
259.jpg,600,800,without_mask,261,30,408,211
26.jpg,583,723,with_mask,93,57,491,590
260.jpg,800,849,without_mask,189,60,394,300
261.jpg,700,394,without_mask,261,41,436,250
262.jpg,620,464,without_mask,61,70,137,173
262.jpg,620,464,without_mask,203,97,275,185
262.jpg,620,464,without_mask,336,122,397,199
262.jpg,620,464,without_mask,510,129,585,207
263.jpg,800,1200,without_mask,261,378,401,545
263.jpg,800,1200,without_mask,403,445,545,600
264.jpg,550,380,without_mask,92,115,150,175
264.jpg,550,380,without_mask,200,81,251,136
264.jpg,550,380,without_mask,282,79,332,133
264.jpg,550,380,without_mask,378,82,428,135
265.jpg,992,744,without_mask,170,115,327,310
265.jpg,992,744,without_mask,582,96,753,297
266.jpg,960,1280,without_mask,46,80,593,831
266.jpg,960,1280,without_mask,668,184,952,539
266.jpg,960,1280,without_mask,570,712,960,1251
267.jpg,594,720,without_mask,184,219,383,474
268.jpg,450,300,without_mask,2,1,121,129
268.jpg,450,300,without_mask,60,94,127,198
268.jpg,450,300,without_mask,154,108,229,206
268.jpg,450,300,without_mask,222,82,322,177
268.jpg,450,300,without_mask,320,56,380,148
268.jpg,450,300,without_mask,377,46,450,163
269.jpg,390,280,without_mask,216,20,271,79
27.jpg,1200,630,with_mask,63,46,355,474
27.jpg,1200,630,with_mask,393,4,616,333
27.jpg,1200,630,with_mask,616,85,969,546
270.jpg,800,1112,without_mask,264,235,589,602
271.jpg,700,375,without_mask,287,35,396,174
272.jpg,275,183,without_mask,141,21,227,107
273.jpg,160,160,without_mask,67,25,115,92
274.jpg,206,244,without_mask,65,24,137,121
275.jpg,310,163,without_mask,134,13,216,116
276.jpg,232,217,without_mask,62,7,137,112
277.jpg,275,183,without_mask,86,20,161,114
278.jpg,292,173,without_mask,92,22,174,124
279.jpg,300,168,without_mask,130,33,198,116
28.jpg,1079,1085,with_mask,270,369,552,688
28.jpg,1079,1085,with_mask,676,278,934,560
280.jpg,86,86,without_mask,29,1,50,25
281.jpg,300,168,without_mask,94,27,169,113
282.jpg,225,225,without_mask,64,30,162,145
283.jpg,224,225,without_mask,69,33,164,144
284.jpg,259,194,without_mask,131,7,217,108
285.jpg,235,215,without_mask,76,38,156,129
286.jpg,275,183,without_mask,94,42,173,137
287.jpg,301,167,without_mask,161,22,228,94
288.jpg,225,225,without_mask,1,68,43,154
288.jpg,225,225,without_mask,96,54,150,129
288.jpg,225,225,without_mask,172,53,225,120
289.jpg,200,252,without_mask,91,38,136,99
29.jpg,290,174,with_mask,91,27,171,118
290.jpg,227,222,without_mask,69,9,175,145
291.jpg,186,271,without_mask,62,85,158,200
292.jpg,296,170,without_mask,138,6,178,63
293.jpg,183,275,without_mask,28,48,158,211
294.jpg,177,285,without_mask,60,41,134,138
295.jpg,266,189,without_mask,58,15,112,84
296.jpg,275,183,without_mask,107,31,151,85
297.jpg,266,189,without_mask,62,29,110,84
298.jpg,213,237,without_mask,85,24,149,109
299.jpg,268,188,without_mask,66,37,121,110
3.jpg,800,533,with_mask,209,113,527,519
30.jpg,299,169,with_mask,122,24,167,79
300.jpg,275,183,without_mask,146,28,218,120
301.jpg,297,170,without_mask,120,4,207,126
302.jpg,195,259,without_mask,36,38,157,157
303.jpg,652,1293,without_mask,6,389,337,838
303.jpg,652,1293,without_mask,280,142,625,526
304.jpg,205,246,without_mask,26,57,178,208
305.jpg,205,246,without_mask,44,40,155,178
306.jpg,204,247,without_mask,44,61,121,146
307.jpg,275,183,without_mask,84,23,179,130
308.jpg,226,223,without_mask,55,35,157,160
309.jpg,215,235,without_mask,62,27,145,126
31.jpg,299,168,with_mask,33,44,62,85
31.jpg,299,168,with_mask,212,23,246,66
31.jpg,299,168,with_mask,182,44,212,86
310.jpg,273,184,without_mask,82,10,195,156
311.jpg,236,214,without_mask,50,37,161,154
312.jpg,188,268,without_mask,57,38,138,135
313.jpg,183,275,without_mask,40,49,132,166
314.jpg,190,265,without_mask,52,52,124,144
315.jpg,190,265,without_mask,44,57,120,146
316.jpg,225,225,without_mask,49,58,177,206
317.jpg,259,194,without_mask,95,21,146,83
318.jpg,86,86,without_mask,21,8,66,64
319.jpg,295,171,without_mask,33,24,72,71
319.jpg,295,171,without_mask,80,39,113,77
319.jpg,295,171,without_mask,139,43,175,78
319.jpg,295,171,without_mask,188,45,223,80
319.jpg,295,171,without_mask,238,20,276,62
32.jpg,275,183,with_mask,111,25,143,64
320.jpg,303,166,without_mask,1,67,71,147
320.jpg,303,166,without_mask,106,16,159,84
320.jpg,303,166,without_mask,179,9,233,73
320.jpg,303,166,without_mask,227,51,279,119
321.jpg,284,177,without_mask,1,68,41,137
321.jpg,284,177,without_mask,25,1,72,48
321.jpg,284,177,without_mask,75,22,112,71
321.jpg,284,177,without_mask,119,36,164,88
321.jpg,284,177,without_mask,150,74,206,137
321.jpg,284,177,without_mask,171,1,213,54
321.jpg,284,177,without_mask,202,44,256,103
321.jpg,284,177,without_mask,248,78,284,139
322.jpg,318,159,without_mask,1,18,44,73
322.jpg,318,159,without_mask,67,43,102,88
322.jpg,318,159,without_mask,124,44,167,95
322.jpg,318,159,without_mask,205,78,252,125
322.jpg,318,159,without_mask,268,28,317,79
323.jpg,243,207,without_mask,61,31,183,175
324.jpg,300,168,without_mask,147,16,202,87
325.jpg,201,251,without_mask,67,43,136,128
326.jpg,256,197,without_mask,83,39,165,135
327.jpg,183,275,without_mask,40,52,131,167
328.jpg,201,251,without_mask,64,55,152,163
329.jpg,259,194,without_mask,104,41,166,113
33.jpg,312,162,with_mask,71,48,181,145
330.jpg,300,168,without_mask,54,28,193,168
331.jpg,260,194,without_mask,80,26,187,148
332.jpg,199,254,without_mask,57,49,147,165
333.jpg,183,275,without_mask,42,54,68,85
333.jpg,183,275,without_mask,88,53,112,82
333.jpg,183,275,without_mask,138,50,162,82
334.jpg,259,194,without_mask,87,28,115,67
334.jpg,259,194,without_mask,171,44,201,79
335.jpg,162,234,without_mask,15,40,103,127
336.jpg,150,225,without_mask,67,20,105,74
337.jpg,201,251,without_mask,32,32,73,86
337.jpg,201,251,without_mask,122,25,162,74
338.jpg,190,265,without_mask,60,47,133,133
339.jpg,259,194,without_mask,108,23,142,56
339.jpg,259,194,without_mask,172,8,206,47
34.jpg,318,159,with_mask,128,28,183,94
340.jpg,294,171,without_mask,95,39,155,99
341.jpg,300,168,without_mask,75,26,116,74
341.jpg,300,168,without_mask,167,23,217,72
342.jpg,86,86,without_mask,32,1,50,17
343.jpg,300,168,without_mask,172,10,225,70
344.jpg,270,187,without_mask,35,33,75,74
344.jpg,270,187,without_mask,92,23,122,55
344.jpg,270,187,without_mask,153,21,180,53
344.jpg,270,187,without_mask,213,12,243,47
345.jpg,201,251,without_mask,99,59,134,93
346.jpg,202,250,without_mask,61,24,95,74
346.jpg,202,250,without_mask,116,48,151,88
347.jpg,231,218,without_mask,64,41,164,175
348.jpg,239,211,without_mask,75,33,161,126
349.jpg,310,163,without_mask,62,40,94,79
349.jpg,310,163,without_mask,132,67,161,104
349.jpg,310,163,without_mask,226,31,263,75
35.jpg,300,168,with_mask,97,22,143,81
350.jpg,202,249,without_mask,95,33,119,63
351.jpg,159,318,without_mask,64,40,88,72
352.jpg,239,211,without_mask,77,31,160,126
353.jpg,300,168,without_mask,120,22,164,83
354.jpg,267,189,without_mask,91,50,147,116
354.jpg,267,189,without_mask,175,37,227,87
355.jpg,86,86,without_mask,16,8,31,24
355.jpg,86,86,without_mask,45,1,61,17
356.jpg,190,266,without_mask,62,53,135,120
357.jpg,259,194,without_mask,78,27,162,117
358.jpg,300,168,without_mask,121,25,208,123
359.jpg,281,179,without_mask,110,35,159,100
36.jpg,259,194,with_mask,67,43,108,90
36.jpg,259,194,with_mask,178,48,216,97
360.jpg,275,183,without_mask,48,38,93,97
360.jpg,275,183,without_mask,122,86,163,133
360.jpg,275,183,without_mask,186,48,222,95
361.jpg,183,275,without_mask,105,44,152,101
362.jpg,275,183,without_mask,57,36,143,144
363.jpg,137,160,without_mask,53,16,96,63
364.jpg,300,168,without_mask,77,28,141,101
364.jpg,300,168,without_mask,206,30,266,97
365.jpg,318,159,without_mask,54,15,103,70
365.jpg,318,159,without_mask,217,21,267,79
366.jpg,259,194,without_mask,66,27,107,74
366.jpg,259,194,without_mask,127,48,161,90
366.jpg,259,194,without_mask,168,54,203,87
367.jpg,225,225,without_mask,56,34,165,187
368.jpg,286,176,without_mask,88,16,113,49
368.jpg,286,176,without_mask,165,42,190,71
369.jpg,299,168,without_mask,130,40,197,121
37.jpg,626,417,with_mask,259,78,371,219
370.jpg,177,285,without_mask,15,37,106,140
371.jpg,259,194,without_mask,129,44,174,95
372.jpg,86,86,without_mask,30,10,57,43
373.jpg,286,176,without_mask,89,26,160,104
374.jpg,300,168,without_mask,54,21,93,67
374.jpg,300,168,without_mask,135,40,174,79
374.jpg,300,168,without_mask,142,96,182,138
374.jpg,300,168,without_mask,212,19,252,69
375.jpg,285,177,without_mask,53,30,94,80
375.jpg,285,177,without_mask,103,39,134,76
375.jpg,285,177,without_mask,141,14,177,59
375.jpg,285,177,without_mask,180,33,214,66
376.jpg,300,168,without_mask,46,6,102,71
376.jpg,300,168,without_mask,106,49,150,97
376.jpg,300,168,without_mask,170,49,217,102
376.jpg,300,168,without_mask,225,22,273,76
377.jpg,275,183,without_mask,66,40,89,64
377.jpg,275,183,without_mask,127,58,148,84
377.jpg,275,183,without_mask,191,26,218,59
378.jpg,207,243,without_mask,18,36,65,90
378.jpg,207,243,without_mask,84,54,122,100
378.jpg,207,243,without_mask,123,68,163,115
378.jpg,207,243,without_mask,185,43,207,98
379.jpg,275,183,without_mask,137,33,205,108
38.jpg,800,480,with_mask,291,100,518,383
380.jpg,301,167,without_mask,81,33,137,97
380.jpg,301,167,without_mask,188,13,238,74
381.jpg,267,189,without_mask,75,27,111,72
381.jpg,267,189,without_mask,153,35,191,80
382.jpg,300,168,without_mask,64,35,122,107
382.jpg,300,168,without_mask,174,44,231,105
383.jpg,86,86,without_mask,9,13,37,47
383.jpg,86,86,without_mask,44,20,69,48
384.jpg,225,225,without_mask,33,30,178,211
385.jpg,272,185,without_mask,100,22,199,131
386.jpg,200,251,without_mask,42,31,150,171
387.jpg,259,194,without_mask,114,33,198,129
388.jpg,86,86,without_mask,28,10,53,38
389.jpg,86,86,without_mask,26,11,61,55
39.jpg,287,175,with_mask,10,20,58,82
39.jpg,287,175,with_mask,63,40,109,95
39.jpg,287,175,with_mask,141,39,204,116
39.jpg,287,175,with_mask,232,22,271,62
390.jpg,259,194,without_mask,96,41,162,120
391.jpg,186,271,without_mask,29,51,153,206
392.jpg,201,251,without_mask,56,47,144,148
393.jpg,259,194,without_mask,69,37,195,178
394.jpg,275,183,without_mask,109,29,185,110
395.jpg,1573,862,without_mask,707,197,854,389
395.jpg,1573,862,without_mask,943,138,1121,316
396.jpg,1280,506,without_mask,143,65,279,234
396.jpg,1280,506,without_mask,479,66,610,227
396.jpg,1280,506,without_mask,635,90,766,224
396.jpg,1280,506,without_mask,943,68,1083,209
397.jpg,660,450,without_mask,201,71,400,319
398.jpg,612,408,without_mask,254,109,361,239
399.jpg,360,270,without_mask,126,20,230,156
399.jpg,360,270,without_mask,257,59,338,163
4.jpg,275,183,with_mask,132,56,187,114
40.jpg,480,480,with_mask,137,33,389,362
400.jpg,193,261,without_mask,68,37,143,139
401.jpg,198,255,without_mask,79,14,122,67
402.jpg,273,184,without_mask,85,30,134,84
403.jpg,190,265,without_mask,63,60,138,143
404.jpg,652,1293,without_mask,229,228,439,473
405.jpg,184,274,without_mask,56,29,118,101
406.jpg,194,260,without_mask,55,38,135,127
407.jpg,259,194,without_mask,108,29,177,101
408.jpg,205,246,without_mask,68,48,156,159
409.jpg,770,433,without_mask,299,61,548,343
41.jpg,263,192,with_mask,121,14,166,72
410.jpg,630,354,without_mask,241,65,346,182
411.jpg,758,433,without_mask,303,95,479,297
412.jpg,200,251,without_mask,41,36,152,175
413.jpg,275,183,without_mask,99,47,179,139
413.jpg,275,183,with_mask,24,30,96,112
413.jpg,275,183,with_mask,177,21,247,105
414.jpg,250,250,without_mask,98,19,152,79
415.jpg,194,259,without_mask,9,32,120,168
415.jpg,194,259,without_mask,116,146,193,252
415.jpg,194,259,without_mask,132,47,193,110
416.jpg,259,194,with_mask,30,40,48,66
416.jpg,259,194,without_mask,124,44,139,61
416.jpg,259,194,without_mask,176,50,190,69
416.jpg,259,194,without_mask,227,52,243,69
417.jpg,225,225,without_mask,33,31,173,210
418.jpg,186,271,without_mask,29,55,149,205
419.jpg,190,265,without_mask,57,34,133,108
42.jpg,281,180,with_mask,87,31,130,73
420.jpg,183,275,without_mask,65,38,115,95
421.jpg,180,279,without_mask,71,48,98,79
422.jpg,177,285,without_mask,69,61,91,87
423.jpg,225,225,without_mask,89,21,114,52
424.jpg,177,285,without_mask,41,24,116,102
425.jpg,177,285,without_mask,60,35,96,76
426.jpg,225,225,without_mask,97,12,144,61
427.jpg,265,190,without_mask,80,37,149,95
428.jpg,183,275,without_mask,69,37,121,86
429.jpg,201,251,without_mask,37,67,164,219
43.jpg,323,156,with_mask,140,25,192,81
430.jpg,250,202,without_mask,125,25,176,79
431.jpg,183,275,without_mask,72,43,125,94
432.jpg,191,264,without_mask,57,31,111,93
433.jpg,183,275,without_mask,78,24,128,81
434.jpg,225,225,without_mask,91,23,144,90
435.jpg,151,242,without_mask,70,15,113,69
436.jpg,190,265,without_mask,83,30,123,76
437.jpg,179,282,without_mask,38,32,96,97
438.jpg,172,293,without_mask,63,19,117,80
439.jpg,275,183,without_mask,109,42,152,88
44.jpg,178,283,with_mask,70,32,114,85
440.jpg,86,86,without_mask,12,17,48,71
441.jpg,86,86,without_mask,53,7,70,31
442.jpg,276,183,without_mask,131,34,200,103
443.jpg,213,237,without_mask,90,63,126,107
444.jpg,275,183,without_mask,87,26,117,64
445.jpg,193,262,without_mask,63,51,110,102
446.jpg,720,918,without_mask,125,189,303,368
446.jpg,720,918,without_mask,428,238,611,417
447.jpg,294,171,without_mask,116,23,181,90
448.jpg,330,500,without_mask,125,44,190,117
449.jpg,306,383,without_mask,39,61,245,314
45.jpg,267,189,with_mask,91,43,167,146
450.jpg,202,250,without_mask,28,72,193,236
451.jpg,189,266,without_mask,29,43,137,151
452.jpg,294,171,without_mask,71,21,234,171
453.jpg,259,194,without_mask,73,41,162,146
454.jpg,310,163,without_mask,49,9,223,163
455.jpg,300,168,without_mask,63,46,94,79
455.jpg,300,168,without_mask,139,49,167,78
455.jpg,300,168,without_mask,209,32,237,57
456.jpg,263,192,without_mask,171,40,209,81
457.jpg,86,86,without_mask,46,12,65,33
458.jpg,86,86,without_mask,26,18,52,53
459.jpg,183,275,without_mask,110,30,161,90
46.jpg,289,174,with_mask,154,16,199,71
460.jpg,275,183,without_mask,120,52,153,88
461.jpg,277,182,without_mask,52,62,80,93
461.jpg,277,182,without_mask,98,81,124,109
461.jpg,277,182,without_mask,138,68,163,95
462.jpg,330,153,without_mask,47,31,108,92
462.jpg,330,153,without_mask,132,42,177,84
462.jpg,330,153,without_mask,180,24,221,67
462.jpg,330,153,without_mask,238,48,272,78
463.jpg,225,225,without_mask,85,84,128,138
464.jpg,275,183,without_mask,156,8,182,41
464.jpg,275,183,without_mask,70,64,89,85
465.jpg,275,183,without_mask,102,31,159,93
466.jpg,201,251,without_mask,65,58,183,178
467.jpg,275,183,without_mask,20,58,57,96
467.jpg,275,183,without_mask,101,32,151,82
468.jpg,259,194,without_mask,124,46,171,96
469.jpg,275,183,without_mask,76,13,122,67
47.jpg,275,183,with_mask,123,54,228,157
470.jpg,308,163,without_mask,171,19,225,76
471.jpg,86,86,without_mask,42,15,68,44
472.jpg,275,183,without_mask,96,41,133,78
473.jpg,300,168,without_mask,92,25,138,86
474.jpg,299,169,without_mask,58,54,91,89
475.jpg,277,182,without_mask,156,29,200,85
476.jpg,298,169,without_mask,177,39,217,92
477.jpg,480,617,without_mask,138,97,355,369
478.jpg,488,968,without_mask,95,54,429,472
48.jpg,284,178,with_mask,129,27,219,142
480.jpg,640,480,without_mask,193,69,305,199
481.jpg,770,462,without_mask,395,139,500,271
482.jpg,414,318,without_mask,88,78,189,171
483.jpg,201,251,without_mask,41,52,152,178
484.jpg,275,183,without_mask,174,27,202,62
485.jpg,265,190,without_mask,112,26,145,66
486.jpg,259,194,without_mask,157,55,220,120
487.jpg,275,183,without_mask,170,28,202,64
488.jpg,275,183,without_mask,148,38,194,82
489.jpg,780,1040,without_mask,167,475,423,781
49.jpg,275,183,with_mask,144,15,206,91
490.jpg,1280,856,without_mask,255,404,391,537
490.jpg,1280,856,without_mask,468,395,565,508
490.jpg,1280,856,without_mask,843,82,987,250
491.jpg,4608,2128,without_mask,1380,792,1542,977
491.jpg,4608,2128,without_mask,1571,930,1756,1144
491.jpg,4608,2128,without_mask,2037,1249,2223,1473
491.jpg,4608,2128,without_mask,2666,920,2856,1139
491.jpg,4608,2128,without_mask,2880,873,3047,1068
492.jpg,4608,2592,without_mask,2175,652,2885,1386
493.jpg,4480,2016,without_mask,1003,212,1417,630
493.jpg,4480,2016,without_mask,1999,221,2408,676
493.jpg,4480,2016,without_mask,2640,239,3658,1348
494.jpg,800,444,without_mask,342,55,463,206
495.jpg,1200,800,without_mask,377,83,806,563
496.JPG,360,480,without_mask,86,86,266,285
497.jpg,341,148,without_mask,182,17,226,73
498.jpg,186,271,without_mask,27,58,151,203
499.jpg,201,251,without_mask,25,73,158,215
5.jpg,275,183,with_mask,101,54,182,143
50.jpg,259,194,with_mask,115,39,192,137
500.jpg,225,225,without_mask,59,28,159,142
501.jpg,275,183,mask_weared_incorrect,61,1,189,132
503.jpg,275,183,mask_weared_incorrect,29,1,148,159
505.jpg,480,270,mask_weared_incorrect,134,1,319,199
506.jpg,711,473,mask_weared_incorrect,109,131,210,268
506.jpg,711,473,mask_weared_incorrect,283,115,414,301
506.jpg,711,473,mask_weared_incorrect,1,247,107,422
506.jpg,711,473,without_mask,550,223,653,362
507.jpg,537,461,mask_weared_incorrect,144,70,377,368
508.jpg,2000,1389,mask_weared_incorrect,573,178,1333,1059
51.jpg,1600,1155,with_mask,257,145,369,342
51.jpg,1600,1155,with_mask,531,257,699,457
51.jpg,1600,1155,with_mask,831,231,976,405
51.jpg,1600,1155,with_mask,1201,149,1324,331
510.jpg,1140,760,mask_weared_incorrect,622,86,920,489
512.jpg,634,423,mask_weared_incorrect,224,2,548,380
513.jpg,600,315,mask_weared_incorrect,304,17,489,260
514.jpg,275,183,mask_weared_incorrect,53,50,158,151
515.jpg,890,534,mask_weared_incorrect,349,37,520,297
516.jpg,800,582,mask_weared_incorrect,88,134,540,453
517.jpg,640,427,mask_weared_incorrect,200,17,483,389
518.jpg,2400,1200,mask_weared_incorrect,1210,130,1669,657
52.jpg,275,183,with_mask,103,33,169,120
520.jpg,281,180,mask_weared_incorrect,105,33,188,140
522.jpg,612,411,mask_weared_incorrect,270,19,386,198
523.jpg,1280,720,mask_weared_incorrect,223,104,437,370
523.jpg,1280,720,mask_weared_incorrect,874,172,1104,473
524.jpg,225,225,mask_weared_incorrect,42,42,153,170
525.jpg,308,164,mask_weared_incorrect,135,17,181,65
525.jpg,308,164,with_mask,240,36,300,107
525.jpg,308,164,with_mask,20,21,49,53
525.jpg,308,164,with_mask,66,41,93,72
526.jpg,254,198,mask_weared_incorrect,82,37,203,148
527.jpg,275,183,mask_weared_incorrect,103,59,170,145
529.jpg,275,183,mask_weared_incorrect,94,27,171,122
53.jpg,300,168,with_mask,118,35,188,119
530.jpg,259,194,mask_weared_incorrect,79,24,192,194
531.jpg,275,183,mask_weared_incorrect,65,44,177,180
532.jpg,300,168,mask_weared_incorrect,202,56,239,110
532.jpg,300,168,with_mask,56,55,90,100
533.jpg,178,283,mask_weared_incorrect,72,20,139,116
534.jpg,275,183,mask_weared_incorrect,50,57,160,183
535.jpg,275,183,mask_weared_incorrect,6,49,86,130
535.jpg,275,183,mask_weared_incorrect,179,39,266,140
535.jpg,275,183,with_mask,90,46,173,133
536.jpg,259,194,mask_weared_incorrect,100,39,186,159
537.jpg,270,186,mask_weared_incorrect,95,24,175,140
538.jpg,295,171,mask_weared_incorrect,114,42,186,133
539.jpg,275,183,mask_weared_incorrect,77,21,191,157
54.jpg,343,147,with_mask,131,24,211,133
540.jpg,275,183,mask_weared_incorrect,86,23,206,166
541.jpg,179,281,mask_weared_incorrect,73,30,147,124
542.jpg,300,168,mask_weared_incorrect,96,8,182,118
543.jpg,300,168,mask_weared_incorrect,106,56,165,122
544.jpg,303,167,mask_weared_incorrect,166,19,230,95
544.jpg,303,167,with_mask,25,27,82,86
545.jpg,291,173,mask_weared_incorrect,10,33,67,97
545.jpg,291,173,mask_weared_incorrect,231,51,277,93
546.jpg,273,184,mask_weared_incorrect,6,1,204,164
547.jpg,275,183,mask_weared_incorrect,98,34,184,132
548.jpg,275,183,mask_weared_incorrect,107,17,216,135
549.jpg,299,168,mask_weared_incorrect,30,10,119,134
549.jpg,299,168,with_mask,185,10,273,124
55.jpg,275,183,with_mask,171,27,239,118
55.jpg,275,183,with_mask,168,23,242,118
550.jpg,275,183,mask_weared_incorrect,112,24,158,79
551.jpg,193,261,mask_weared_incorrect,105,18,174,118
552.jpg,279,181,mask_weared_incorrect,87,17,215,181
553.jpg,225,225,with_mask,42,30,153,158
554.jpg,290,174,mask_weared_incorrect,107,41,176,114
555.jpg,275,183,mask_weared_incorrect,37,1,198,174
556.jpg,225,225,mask_weared_incorrect,99,24,166,107
557.jpg,283,178,mask_weared_incorrect,45,32,92,84
557.jpg,283,178,mask_weared_incorrect,186,29,232,84
558.jpg,262,192,mask_weared_incorrect,87,49,169,159
559.jpg,265,190,mask_weared_incorrect,64,39,153,163
56.jpg,300,168,with_mask,109,33,171,105
560.jpg,174,290,mask_weared_incorrect,73,31,142,120
561.jpg,86,86,mask_weared_incorrect,28,11,59,50
563.jpg,300,168,mask_weared_incorrect,42,1,120,101
563.jpg,300,168,mask_weared_incorrect,177,1,274,95
564.jpg,275,183,mask_weared_incorrect,35,14,221,157
565.jpg,194,259,mask_weared_incorrect,67,67,137,162
566.jpg,262,193,mask_weared_incorrect,66,1,240,125
567.jpg,294,171,mask_weared_incorrect,35,25,95,100
567.jpg,294,171,without_mask,186,22,251,105
568.jpg,259,194,mask_weared_incorrect,19,1,87,70
568.jpg,259,194,mask_weared_incorrect,182,14,214,51
568.jpg,259,194,mask_weared_incorrect,36,109,81,155
568.jpg,259,194,mask_weared_incorrect,167,123,229,194
569.jpg,275,183,mask_weared_incorrect,102,34,184,132
57.jpg,700,700,with_mask,183,131,532,554
570.jpg,225,225,mask_weared_incorrect,89,24,139,87
571.jpg,86,86,mask_weared_incorrect,29,15,63,57
572.jpg,262,193,mask_weared_incorrect,106,25,150,76
574.jpg,177,285,mask_weared_incorrect,62,44,149,152
575.jpg,275,183,mask_weared_incorrect,157,32,211,93
577.jpg,301,168,mask_weared_incorrect,16,35,88,135
577.jpg,301,168,mask_weared_incorrect,108,37,198,141
577.jpg,301,168,mask_weared_incorrect,210,40,296,132
578.jpg,183,275,mask_weared_incorrect,14,37,155,238
579.jpg,178,283,mask_weared_incorrect,66,66,125,135
58.jpg,275,183,with_mask,149,31,210,111
580.jpg,184,275,mask_weared_incorrect,49,12,126,116
581.jpg,86,86,mask_weared_incorrect,25,16,44,52
582.jpg,268,188,mask_weared_incorrect,42,9,164,142
583.jpg,276,183,mask_weared_incorrect,53,33,128,127
584.jpg,213,236,mask_weared_incorrect,41,64,176,226
585.jpg,275,183,mask_weared_incorrect,98,14,155,82
586.jpg,178,283,mask_weared_incorrect,67,63,126,132
587.jpg,298,169,mask_weared_incorrect,102,2,216,167
588.jpg,262,192,mask_weared_incorrect,114,34,154,90
589.jpg,318,159,mask_weared_incorrect,88,24,138,85
589.jpg,318,159,mask_weared_incorrect,182,91,205,123
59.jpg,340,148,with_mask,123,21,211,134
590.jpg,190,265,mask_weared_incorrect,46,74,170,258
591.jpg,290,174,mask_weared_incorrect,116,19,170,83
592.jpg,275,183,mask_weared_incorrect,1,101,37,164
592.jpg,275,183,mask_weared_incorrect,43,58,80,103
592.jpg,275,183,mask_weared_incorrect,110,57,161,115
592.jpg,275,183,without_mask,213,91,253,140
593.jpg,264,191,mask_weared_incorrect,103,24,210,141
594.jpg,270,186,mask_weared_incorrect,95,31,174,139
596.jpg,275,183,mask_weared_incorrect,81,33,196,121
597.jpg,224,224,mask_weared_incorrect,9,45,111,162
597.jpg,224,224,mask_weared_incorrect,117,53,222,157
598.jpg,298,169,mask_weared_incorrect,135,47,199,129
6.jpg,1280,1280,with_mask,310,319,994,1174
60.jpg,314,160,with_mask,108,10,223,125
600.jpg,300,168,mask_weared_incorrect,135,14,163,51
602.jpg,259,194,mask_weared_incorrect,102,44,185,161
603.jpg,225,225,mask_weared_incorrect,67,36,150,148
604.jpg,279,180,mask_weared_incorrect,1,1,155,174
605.jpg,259,194,mask_weared_incorrect,76,31,164,177
606.jpg,183,275,mask_weared_incorrect,46,52,183,207
607.jpg,291,173,mask_weared_incorrect,100,17,138,61
607.jpg,291,173,mask_weared_incorrect,184,19,220,66
608.jpg,275,183,mask_weared_incorrect,159,32,210,112
609.jpg,280,180,mask_weared_incorrect,115,28,185,105
61.jpg,300,168,with_mask,196,24,267,106
610.jpg,260,194,mask_weared_incorrect,88,51,171,146
611.jpg,310,163,mask_weared_incorrect,123,22,253,143
612.jpg,259,194,mask_weared_incorrect,145,38,192,122
613.jpg,291,173,mask_weared_incorrect,11,32,66,93
613.jpg,291,173,mask_weared_incorrect,231,50,277,97
614.jpg,86,86,mask_weared_incorrect,25,1,69,46
615.jpg,259,194,mask_weared_incorrect,102,40,186,160
616.jpg,290,174,mask_weared_incorrect,107,41,178,113
619.jpg,259,194,mask_weared_incorrect,115,52,174,112
62.jpg,259,194,with_mask,135,49,222,155
620.jpg,179,281,mask_weared_incorrect,76,94,159,272
621.jpg,290,174,mask_weared_incorrect,117,25,179,124
622.jpg,1600,900,mask_weared_incorrect,671,181,1021,440
623.jpg,275,183,mask_weared_incorrect,113,54,163,143
624.jpg,264,191,mask_weared_incorrect,109,1,233,89
626.jpg,290,174,mask_weared_incorrect,38,13,73,57
626.jpg,290,174,mask_weared_incorrect,107,12,163,125
626.jpg,290,174,mask_weared_incorrect,204,32,281,127
627.jpg,262,193,mask_weared_incorrect,106,22,149,75
628.jpg,263,192,mask_weared_incorrect,91,18,153,86
629.jpg,275,183,mask_weared_incorrect,125,74,182,142
63.jpg,284,177,with_mask,79,51,159,158
630.jpg,275,183,mask_weared_incorrect,46,35,180,143
631.jpg,234,216,mask_weared_incorrect,85,33,162,134
632.jpg,275,183,mask_weared_incorrect,48,58,156,183
633.jpg,275,183,mask_weared_incorrect,62,1,191,133
634.jpg,179,281,mask_weared_incorrect,73,30,147,124
635.jpg,275,183,mask_weared_incorrect,103,1,217,107
637.jpg,275,183,mask_weared_incorrect,41,26,166,149
638.jpg,183,275,mask_weared_incorrect,48,35,124,114
639.jpg,183,275,mask_weared_incorrect,17,77,173,221
64.jpg,318,159,with_mask,120,30,220,158
640.jpg,800,600,mask_weared_incorrect,384,127,595,588
641.jpg,800,533,mask_weared_incorrect,206,91,398,305
642.jpg,800,533,mask_weared_incorrect,296,127,608,456
643.jpg,736,1104,mask_weared_incorrect,103,312,512,845
644.jpg,695,1042,mask_weared_incorrect,82,125,528,659
645.jpg,262,192,mask_weared_incorrect,78,10,202,136
646.jpg,800,534,mask_weared_incorrect,175,3,556,398
647.jpg,800,533,mask_weared_incorrect,368,191,572,402
648.jpg,750,500,mask_weared_incorrect,304,84,446,284
649.jpg,650,433,mask_weared_incorrect,105,46,400,354
65.jpg,300,168,with_mask,169,28,244,117
650.jpg,4032,3024,mask_weared_incorrect,1542,694,2914,2486
651.jpg,750,500,mask_weared_incorrect,312,82,491,321
652.jpg,800,300,mask_weared_incorrect,169,34,258,138
653.jpg,506,846,mask_weared_incorrect,139,18,404,356
654.jpg,635,400,mask_weared_incorrect,417,42,534,186
654.jpg,635,400,mask_weared_incorrect,95,76,197,191
655.jpg,390,280,mask_weared_incorrect,96,54,227,240
656.jpg,1599,900,mask_weared_incorrect,633,76,1147,688
657.jpg,275,183,mask_weared_incorrect,1,1,238,165
658.jpg,1280,720,mask_weared_incorrect,607,182,804,404
659.jpg,612,408,mask_weared_incorrect,247,98,409,296
66.jpg,276,183,with_mask,147,24,216,109
661.jpg,264,191,mask_weared_incorrect,103,22,209,144
662.jpg,190,266,with_mask,67,44,124,108
663.jpg,259,194,without_mask,61,24,185,180
664.jpg,318,159,mask_weared_incorrect,86,13,139,79
665.jpg,259,194,mask_weared_incorrect,100,22,145,100
666.jpg,259,194,mask_weared_incorrect,76,1,259,169
667.jpg,278,181,mask_weared_incorrect,133,13,208,97
67.jpg,300,168,with_mask,27,62,91,129
67.jpg,300,168,with_mask,124,46,186,129
670.jpg,183,275,mask_weared_incorrect,15,36,156,238
671.jpg,194,259,mask_weared_incorrect,32,62,157,208
672.jpg,225,225,mask_weared_incorrect,43,35,149,153
673.jpg,290,174,mask_weared_incorrect,50,6,68,29
673.jpg,290,174,mask_weared_incorrect,96,54,146,127
673.jpg,290,174,without_mask,158,23,205,80
673.jpg,290,174,without_mask,221,51,269,99
674.jpg,183,275,mask_weared_incorrect,22,62,175,224
675.jpg,178,283,mask_weared_incorrect,75,17,138,117
676.jpg,264,191,mask_weared_incorrect,78,43,137,115
677.jpg,264,191,mask_weared_incorrect,109,1,233,90
678.jpg,300,168,mask_weared_incorrect,123,28,184,94
679.jpg,275,183,mask_weared_incorrect,115,25,167,106
68.jpg,309,163,with_mask,149,16,243,132
680.jpg,262,192,mask_weared_incorrect,79,47,176,164
681.jpg,298,169,mask_weared_incorrect,98,20,216,169
682.jpg,275,183,mask_weared_incorrect,12,1,215,157
683.jpg,275,183,mask_weared_incorrect,157,30,211,94
684.jpg,275,183,mask_weared_incorrect,104,24,160,87
685.jpg,311,162,mask_weared_incorrect,230,33,310,132
685.jpg,311,162,with_mask,1,31,84,129
686.jpg,275,183,mask_weared_incorrect,98,35,159,144
687.jpg,262,193,mask_weared_incorrect,65,1,240,124
688.jpg,262,192,mask_weared_incorrect,102,12,162,83
689.jpg,264,191,mask_weared_incorrect,145,45,197,107
69.jpg,640,600,with_mask,330,145,475,344
690.jpg,174,290,mask_weared_incorrect,46,2,138,124
691.jpg,264,191,mask_weared_incorrect,72,27,178,172
692.jpg,193,261,mask_weared_incorrect,103,13,175,119
693.jpg,275,183,mask_weared_incorrect,49,25,176,181
694.jpg,275,183,mask_weared_incorrect,88,45,173,148
695.jpg,275,183,mask_weared_incorrect,101,28,142,75
695.jpg,275,183,with_mask,158,74,188,113
696.jpg,277,182,mask_weared_incorrect,92,32,182,178
697.jpg,264,191,mask_weared_incorrect,94,38,135,114
698.jpg,264,191,mask_weared_incorrect,104,21,210,148
699.jpg,225,225,mask_weared_incorrect,66,67,154,175
7.jpg,2096,2560,with_mask,488,440,1652,1952
70.jpg,252,200,with_mask,74,24,154,120
702.jpg,262,192,mask_weared_incorrect,78,33,177,161
703.jpg,259,194,mask_weared_incorrect,36,1,259,184
704.jpg,290,174,mask_weared_incorrect,56,27,124,105
704.jpg,290,174,mask_weared_incorrect,218,102,266,158
704.jpg,290,174,mask_weared_incorrect,216,7,232,34
704.jpg,290,174,mask_weared_incorrect,256,16,273,40
705.jpg,299,168,mask_weared_incorrect,117,14,168,85
707.jpg,259,194,mask_weared_incorrect,100,40,170,125
708.jpg,259,194,mask_weared_incorrect,77,35,164,178
71.jpg,284,177,with_mask,154,9,218,88
710.jpg,275,183,mask_weared_incorrect,108,15,217,135
711.jpg,275,183,mask_weared_incorrect,68,1,251,130
712.jpg,183,275,mask_weared_incorrect,66,25,146,114
713.jpg,275,183,mask_weared_incorrect,95,49,192,180
714.jpg,86,86,mask_weared_incorrect,28,11,57,46
715.jpg,275,183,mask_weared_incorrect,160,33,209,111
717.jpg,262,192,mask_weared_incorrect,109,1,234,90
718.jpg,202,250,mask_weared_incorrect,21,95,178,249
719.jpg,183,275,mask_weared_incorrect,44,51,118,127
72.jpg,259,194,with_mask,80,21,209,184
720.jpg,263,191,mask_weared_incorrect,68,26,171,174
721.jpg,179,281,mask_weared_incorrect,67,92,170,267
722.jpg,264,191,mask_weared_incorrect,72,31,177,171
723.jpg,299,168,mask_weared_incorrect,113,15,173,86
724.jpg,240,160,mask_weared_incorrect,110,1,240,160
725.jpg,275,183,mask_weared_incorrect,120,45,163,94
727.jpg,275,183,mask_weared_incorrect,114,55,165,142
728.jpg,280,180,mask_weared_incorrect,177,1,280,107
728.jpg,280,180,mask_weared_incorrect,49,66,131,140
729.jpg,259,194,mask_weared_incorrect,98,44,185,159
73.jpg,275,183,with_mask,56,15,161,151
730.jpg,262,192,mask_weared_incorrect,69,12,163,151
732.jpg,275,183,mask_weared_incorrect,94,17,222,173
734.jpg,300,168,mask_weared_incorrect,121,26,197,115
735.jpg,262,192,mask_weared_incorrect,66,36,123,124
737.jpg,261,193,mask_weared_incorrect,116,4,248,175
738.jpg,86,86,mask_weared_incorrect,5,7,52,64
739.jpg,183,275,mask_weared_incorrect,50,54,138,161
74.jpg,700,700,with_mask,148,141,529,645
740.jpg,177,285,mask_weared_incorrect,44,65,116,186
741.jpg,275,183,mask_weared_incorrect,57,40,128,127
743.jpg,275,183,mask_weared_incorrect,87,47,174,149
744.jpg,263,192,mask_weared_incorrect,71,23,144,114
745.jpg,259,194,mask_weared_incorrect,102,29,152,89
746.jpg,300,168,mask_weared_incorrect,132,15,163,52
747.jpg,263,191,mask_weared_incorrect,81,31,182,157
748.jpg,262,192,mask_weared_incorrect,86,48,168,155
749.jpg,1079,932,mask_weared_incorrect,183,296,498,672
749.jpg,1079,932,mask_weared_incorrect,550,223,933,694
75.jpg,262,193,with_mask,99,32,152,98
750.jpg,183,275,mask_weared_incorrect,63,93,136,197
751.jpg,262,192,mask_weared_incorrect,110,1,234,88
752.jpg,275,183,mask_weared_incorrect,29,26,146,159
753.jpg,578,425,mask_weared_incorrect,347,62,524,315
753.jpg,578,425,with_mask,41,64,223,307
754.jpg,225,225,mask_weared_incorrect,24,13,203,225
755.jpg,1200,900,mask_weared_incorrect,299,210,664,613
756.jpg,1079,1325,mask_weared_incorrect,240,131,978,998
757.jpg,1079,1018,mask_weared_incorrect,514,124,606,232
758.jpg,1079,793,mask_weared_incorrect,429,42,777,555
759.jpg,670,861,mask_weared_incorrect,249,95,393,314
76.jpg,276,183,with_mask,80,33,186,167
760.jpg,1079,1053,mask_weared_incorrect,121,1,656,759
761.jpg,1079,1049,mask_weared_incorrect,354,107,676,551
762.jpg,1079,1268,mask_weared_incorrect,198,137,832,1012
763.jpg,1079,1254,mask_weared_incorrect,197,85,797,745
764.jpg,1079,1316,mask_weared_incorrect,185,282,754,967
765.jpg,437,671,mask_weared_incorrect,193,37,393,297
766.jpg,1079,1265,mask_weared_incorrect,533,168,1040,908
767.jpg,1079,689,mask_weared_incorrect,433,199,609,392
767.jpg,1079,689,with_mask,622,260,733,415
768.jpg,1079,1063,mask_weared_incorrect,362,1,1079,943
769.jpg,1079,1039,mask_weared_incorrect,276,173,487,371
769.jpg,1079,1039,mask_weared_incorrect,599,370,822,561
77.jpg,275,183,with_mask,57,1,226,181
770.jpg,1079,1210,mask_weared_incorrect,28,51,531,716
770.jpg,1079,1210,mask_weared_incorrect,688,359,1079,874
771.jpg,735,1114,mask_weared_incorrect,4,241,430,779
772.jpg,1079,1332,mask_weared_incorrect,319,537,588,809
773.jpg,1079,1334,mask_weared_incorrect,259,14,1079,1116
77387842.jpg,800,600,with_mask,236,124,507,470
774.jpg,1079,1315,mask_weared_incorrect,145,12,1042,1027
775.jpg,1079,799,mask_weared_incorrect,446,154,806,624
776.jpg,1079,800,mask_weared_incorrect,534,25,857,486
777.jpg,1079,1316,mask_weared_incorrect,414,105,1072,939
78.jpg,183,275,with_mask,56,87,125,177
79.jpg,275,183,with_mask,105,37,162,100
8.jpg,342,409,with_mask,64,87,280,381
82.jpg,296,170,with_mask,95,34,190,160
83.jpg,201,250,with_mask,40,58,154,203
84.jpg,268,188,with_mask,61,33,212,188
85.jpg,225,225,with_mask,27,62,111,164
86.jpg,310,162,with_mask,121,42,194,138
87.jpg,300,168,with_mask,35,1,267,168
87646243-girl-nurse-smiling-taking-off-her-medical-mask.jpg,1300,867,mask_weared_incorrect,537,68,783,386
88.jpg,275,184,with_mask,51,50,141,159
88.jpg,275,184,with_mask,143,21,220,121
89.jpg,194,259,with_mask,34,18,158,170
9.jpg,1500,1168,with_mask,534,153,1075,806
90.jpg,1024,768,with_mask,318,158,392,250
90.jpg,1024,768,with_mask,97,98,180,216
90.jpg,1024,768,with_mask,509,173,580,263
91.jpg,245,206,with_mask,69,31,177,172
92.jpg,225,224,with_mask,58,15,173,165
93.jpg,257,196,with_mask,121,3,188,78
94.jpg,183,275,with_mask,42,82,141,202
95.jpg,275,183,with_mask,93,61,151,135
96.jpg,520,650,with_mask,45,88,434,628
97.jpg,251,201,with_mask,122,25,201,121
98.jpg,275,183,with_mask,117,45,153,95
99.jpg,259,194,with_mask,99,58,131,101
99.jpg,259,194,with_mask,140,62,180,123
99.jpg,259,194,with_mask,197,105,228,149
a-woman-smiling-and-taking-off-a-blue-surgical-face-mask-in-a-public-park-looking-straight-to-the-camera-2BY887E.jpg,1300,956,mask_weared_incorrect,276,202,716,708
a_b_abahjahajalk_202009.jpg,600,450,with_mask,198,111,417,375
bf.jpg,584,651,without_mask,211,116,327,263
bjh.jpg,633,742,mask_weared_incorrect,182,37,471,457
Bollywood-Actresses-Who-Got-Paid-More-Than-Actors4_5eba82eaebf12.jpg,500,446,without_mask,186,39,328,214
Capture.jpg,485,761,mask_weared_incorrect,84,4,413,369
cd.jpg,591,754,mask_weared_incorrect,119,66,500,496
dfcd.jpg,373,553,mask_weared_incorrect,19,41,332,469
dfv.jpg,738,709,mask_weared_incorrect,169,76,551,578
drgf.jpg,641,734,mask_weared_incorrect,176,7,560,488
e39f4ee7931dbb36fa6d68ab7171540a.jpg,500,628,with_mask,147,44,292,214
fat-man-taking-off-face-mask-to-inhale-some-fresh-air-surgical-exercises-183638887.jpg,1600,1156,mask_weared_incorrect,468,106,848,848
fef.jpg,589,748,mask_weared_incorrect,24,124,464,732
fgb.jpg,454,706,mask_weared_incorrect,184,279,454,668
gettyimages-1233424722-640x640.jpg,640,360,mask_weared_incorrect,343,52,512,291
gvfd.jpg,747,555,mask_weared_incorrect,83,106,348,426
gvfd.jpg,747,555,mask_weared_incorrect,356,75,581,350
happy-woman-taking-off-her-mask-with-positive-gesture_213881-386.jpg,626,417,mask_weared_incorrect,331,58,443,236
hjg.jpg,721,707,mask_weared_incorrect,279,121,444,335
hkj.jpg,597,795,mask_weared_incorrect,265,31,595,445
hvh.jpg,636,761,mask_weared_incorrect,63,3,557,518
ijk.jpg,553,713,mask_weared_incorrect,174,63,346,303
ijn.jpg,497,677,mask_weared_incorrect,115,40,310,253
images (1).jpg,202,250,without_mask,63,34,137,133
images (10).jpg,183,275,without_mask,46,38,122,139
images (11).jpg,184,273,without_mask,54,16,125,104
images (12).jpg,86,86,without_mask,9,1,67,59
images (13).jpg,86,86,without_mask,18,3,64,60
images (14).jpg,183,275,without_mask,28,1,128,126
images (15).jpg,275,183,without_mask,96,20,163,89
images (16).jpg,299,168,without_mask,102,26,168,101
images (17).jpg,249,202,without_mask,100,16,152,80
images (18).jpg,193,262,without_mask,35,32,139,168
images (19).jpg,259,194,without_mask,92,39,170,127
images (2).jpg,275,183,without_mask,96,23,146,88
images (20).jpg,179,282,without_mask,50,35,125,139
images (21).jpg,275,183,without_mask,138,33,193,102
images (22).jpg,284,177,without_mask,85,25,186,167
images (23).jpg,86,86,without_mask,29,1,59,41
images (24).jpg,86,86,without_mask,28,2,61,42
images (3).jpg,225,225,without_mask,47,20,140,126
images (32).jpg,259,194,without_mask,77,30,165,134
images (37).jpg,86,86,without_mask,21,3,54,42
images (38).jpg,224,225,without_mask,90,24,165,120
images (39).jpg,183,275,without_mask,37,35,123,135
images (4).jpg,201,251,without_mask,59,40,121,130
images (40).jpg,259,194,without_mask,102,1,200,98
images (41).jpg,183,275,without_mask,55,31,117,111
images (42).jpg,183,275,without_mask,71,18,140,111
images (43).jpg,183,275,without_mask,33,44,118,141
images (44).jpg,214,236,without_mask,83,43,147,132
images (45).jpg,183,275,without_mask,37,39,126,139
images (46).jpg,176,287,without_mask,28,25,90,105
images (47).jpg,180,279,without_mask,54,29,111,96
images (48).jpg,168,300,without_mask,27,66,145,199
images (49).jpg,183,275,without_mask,60,43,145,140
images (5).jpg,259,194,without_mask,90,25,170,131
images (50).jpg,86,86,without_mask,45,16,78,53
images (51).jpg,86,86,without_mask,34,9,64,47
images (52).jpg,86,86,without_mask,11,14,45,52
images (6).jpg,216,233,without_mask,51,31,130,143
images (7).jpg,297,170,without_mask,98,29,185,133
images (8).jpg,259,194,without_mask,120,25,170,99
images (9).jpg,201,251,without_mask,66,29,149,137
images.jpg,293,172,without_mask,120,26,194,109
IMG-20190424-WA0041.jpg,960,1280,without_mask,19,217,226,465
IMG-20190424-WA0041.jpg,960,1280,without_mask,338,125,524,323
IMG-20190424-WA0041.jpg,960,1280,without_mask,564,184,781,415
IMG-20190424-WA0041.jpg,960,1280,without_mask,570,512,930,955
IMG20190712153002.jpg,5760,2672,without_mask,1691,694,2855,2153
IMG20190712153002.jpg,5760,2672,without_mask,2944,529,3720,1576
IMG20190712153002.jpg,5760,2672,without_mask,4026,440,4750,1311
IMG20190714190148.jpg,4608,2128,without_mask,1466,163,1952,849
IMG20190714190148.jpg,4608,2128,without_mask,2204,768,2713,1249
IMG20190721161021.jpg,4608,2128,without_mask,1247,535,1723,1149
IMG20190721161021.jpg,4608,2128,without_mask,1937,368,2399,911
IMG20190721161021.jpg,4608,2128,without_mask,2680,249,3190,768
IMG20190721163840.jpg,2672,5760,without_mask,17,1179,1454,3343
IMG20190721163840.jpg,2672,5760,without_mask,1554,188,2563,1315
IMG20190727175500.jpg,5760,2672,without_mask,644,306,1344,1041
IMG20190727175500.jpg,5760,2672,without_mask,1538,470,2250,1382
IMG20190727175500.jpg,5760,2672,without_mask,2873,435,3826,1376
IMG20190727175500.jpg,5760,2672,without_mask,3897,735,5309,2323
IMG_0.jpg,720,1280,mask_weared_incorrect,169,345,444,727
IMG_1.jpg,720,1280,mask_weared_incorrect,191,237,465,631
IMG_10.jpg,1280,1280,mask_weared_incorrect,281,129,1061,1066
IMG_100.jpg,588,1280,mask_weared_incorrect,107,192,374,590
IMG_101.jpg,720,1280,mask_weared_incorrect,122,365,410,735
IMG_102.jpg,588,1280,mask_weared_incorrect,137,231,407,610
IMG_103.jpg,588,1280,mask_weared_incorrect,160,237,442,629
IMG_104.jpg,588,1280,mask_weared_incorrect,178,174,421,555
IMG_105.jpg,638,1280,mask_weared_incorrect,150,237,481,715
IMG_106.jpg,638,1280,mask_weared_incorrect,77,172,507,741
IMG_107.jpg,638,1280,mask_weared_incorrect,81,276,477,770
IMG_108.jpg,588,1280,mask_weared_incorrect,189,163,466,561
IMG_109.jpg,588,1280,mask_weared_incorrect,164,214,423,578
IMG_11.jpg,1280,1280,mask_weared_incorrect,361,265,928,1019
IMG_110.jpg,588,1280,mask_weared_incorrect,186,194,438,570
IMG_111.jpg,638,1280,mask_weared_incorrect,105,221,505,710
IMG_112.jpg,720,1280,mask_weared_incorrect,122,251,436,659
IMG_113.jpg,720,1280,mask_weared_incorrect,189,359,489,698
IMG_114.jpg,638,1280,mask_weared_incorrect,128,143,483,733
IMG_115.jpg,638,1280,mask_weared_incorrect,116,231,450,692
IMG_116.jpg,588,1280,mask_weared_incorrect,125,170,374,539
IMG_117.jpg,588,1280,mask_weared_incorrect,195,190,433,543
IMG_118.jpg,588,1280,mask_weared_incorrect,229,208,464,596
IMG_119.jpg,588,1280,mask_weared_incorrect,160,182,433,566
IMG_12.jpg,588,1280,mask_weared_incorrect,144,294,419,670
IMG_120.jpg,588,1280,mask_weared_incorrect,123,176,409,580
IMG_121.jpg,588,1280,mask_weared_incorrect,140,188,417,576
IMG_122.jpg,588,1280,mask_weared_incorrect,162,170,401,515
IMG_123.jpg,588,1280,mask_weared_incorrect,219,225,474,590
IMG_124.jpg,720,1280,mask_weared_incorrect,208,353,532,735
IMG_125.jpg,588,1280,mask_weared_incorrect,138,214,419,594
IMG_126.jpg,1280,588,mask_weared_incorrect,627,83,824,360
IMG_127.jpg,588,1280,mask_weared_incorrect,160,157,419,565
IMG_128.jpg,588,1280,mask_weared_incorrect,95,176,431,578
IMG_129.jpg,588,1280,mask_weared_incorrect,182,178,458,572
IMG_13.jpg,1280,720,mask_weared_incorrect,416,95,669,447
IMG_130.jpg,588,1280,mask_weared_incorrect,146,212,444,576
IMG_131.jpg,588,1280,mask_weared_incorrect,203,215,462,582
IMG_132.jpg,588,1280,mask_weared_incorrect,168,212,442,584
IMG_133.jpg,588,1280,mask_weared_incorrect,174,221,448,594
IMG_134.jpg,588,1280,mask_weared_incorrect,211,233,460,588
IMG_135.jpg,720,1280,mask_weared_incorrect,218,357,485,721
IMG_136.jpg,588,1280,mask_weared_incorrect,172,208,423,576
IMG_137.jpg,720,1280,mask_weared_incorrect,183,429,461,819
IMG_138.jpg,720,1280,mask_weared_incorrect,224,343,559,814
IMG_139.jpg,720,1280,mask_weared_incorrect,187,382,448,745
IMG_14.jpg,519,1152,mask_weared_incorrect,131,107,464,648
IMG_140.jpg,720,1280,mask_weared_incorrect,173,290,436,674
IMG_141.jpg,606,1280,mask_weared_incorrect,36,65,361,710
IMG_142.jpg,1280,720,mask_weared_incorrect,469,72,671,341
IMG_143.jpg,720,1280,mask_weared_incorrect,187,221,465,631
IMG_144.jpg,1280,720,mask_weared_incorrect,227,343,401,579
IMG_144.jpg,1280,720,mask_weared_incorrect,574,73,749,308
IMG_145.jpg,720,1280,mask_weared_incorrect,177,219,479,678
IMG_146.jpg,720,1280,mask_weared_incorrect,187,188,532,663
IMG_147.jpg,720,1280,mask_weared_incorrect,167,365,520,780
IMG_148.jpg,720,1280,mask_weared_incorrect,206,406,522,772
IMG_149.jpg,1280,720,mask_weared_incorrect,210,341,390,575
IMG_149.jpg,1280,720,mask_weared_incorrect,653,50,843,297
IMG_15.jpg,519,1152,mask_weared_incorrect,94,106,445,590
IMG_150.jpg,720,1280,mask_weared_incorrect,220,221,487,580
IMG_151.jpg,720,1280,mask_weared_incorrect,220,221,483,576
IMG_152.jpg,720,1280,mask_weared_incorrect,208,214,481,594
IMG_153.jpg,720,1280,mask_weared_incorrect,220,198,477,586
IMG_154.jpg,720,1280,mask_weared_incorrect,257,243,508,610
IMG_155.jpg,1280,720,mask_weared_incorrect,285,312,449,525
IMG_155.jpg,1280,720,mask_weared_incorrect,595,80,757,297
IMG_156.jpg,720,1280,mask_weared_incorrect,199,366,467,723
IMG_157.jpg,720,1280,mask_weared_incorrect,122,382,385,747
IMG_158.jpg,720,1280,mask_weared_incorrect,234,292,508,702
IMG_159.jpg,720,1280,mask_weared_incorrect,197,333,473,727
IMG_16.jpg,576,1280,with_mask,3,427,195,661
IMG_16.jpg,576,1280,mask_weared_incorrect,278,606,405,780
IMG_16.jpg,576,1280,mask_weared_incorrect,403,539,576,925
IMG_160.jpg,720,1280,mask_weared_incorrect,183,376,471,745
IMG_161.jpg,720,1280,mask_weared_incorrect,124,331,438,704
IMG_162.jpg,720,1280,mask_weared_incorrect,185,372,528,837
IMG_163.jpg,720,1280,mask_weared_incorrect,132,353,501,784
IMG_164.jpg,720,1280,mask_weared_incorrect,118,272,510,770
IMG_165.jpg,720,1280,mask_weared_incorrect,179,261,495,739
IMG_166.jpg,720,1280,mask_weared_incorrect,295,429,512,700
IMG_167.jpg,720,1280,mask_weared_incorrect,106,214,475,666
IMG_168.jpg,720,1280,mask_weared_incorrect,187,251,518,708
IMG_169.jpg,720,1280,mask_weared_incorrect,154,317,463,696
IMG_17.jpg,1280,576,with_mask,215,95,413,331
IMG_17.jpg,1280,576,mask_weared_incorrect,583,225,721,422
IMG_17.jpg,1280,576,mask_weared_incorrect,785,90,1080,476
IMG_170.jpg,720,1280,mask_weared_incorrect,197,361,487,729
IMG_171.jpg,720,1280,mask_weared_incorrect,216,284,514,698
IMG_172.jpg,720,1280,mask_weared_incorrect,255,227,520,598
IMG_173.jpg,720,1280,mask_weared_incorrect,250,237,518,600
IMG_174.jpg,720,1280,mask_weared_incorrect,220,208,481,584
IMG_175.jpg,720,1280,mask_weared_incorrect,216,217,499,590
IMG_176.jpg,1280,720,mask_weared_incorrect,194,349,380,597
IMG_176.jpg,1280,720,mask_weared_incorrect,660,66,856,308
IMG_177.jpg,606,1280,mask_weared_incorrect,81,74,534,794
IMG_178.jpg,519,1152,mask_weared_incorrect,135,91,503,634
IMG_179.jpg,519,1152,mask_weared_incorrect,40,158,400,686
IMG_18.jpg,720,1280,mask_weared_incorrect,154,231,465,651
IMG_180.jpg,519,1152,mask_weared_incorrect,70,99,442,648
IMG_181.jpg,519,1152,mask_weared_incorrect,21,41,414,658
IMG_182.jpg,519,1152,mask_weared_incorrect,5,48,407,651
IMG_183.jpg,720,1280,mask_weared_incorrect,238,247,501,576
IMG_184.jpg,720,1280,mask_weared_incorrect,228,249,497,592
IMG_185.jpg,720,1280,mask_weared_incorrect,230,259,487,604
IMG_186.jpg,720,1280,mask_weared_incorrect,222,251,479,612
IMG_187.jpg,720,1280,mask_weared_incorrect,222,268,483,653
IMG_188.jpg,606,1280,mask_weared_incorrect,263,82,538,674
IMG_189.jpg,720,1280,mask_weared_incorrect,165,263,426,663
IMG_19.jpg,720,1280,mask_weared_incorrect,204,292,479,637
IMG_190.jpg,720,1280,mask_weared_incorrect,206,272,479,647
IMG_191.jpg,720,1280,mask_weared_incorrect,222,312,487,647
IMG_192.jpg,720,1280,mask_weared_incorrect,244,178,561,627
IMG_193.jpg,720,1280,mask_weared_incorrect,232,206,522,604
IMG_194.jpg,720,1280,mask_weared_incorrect,161,270,489,682
IMG_195.jpg,720,1280,mask_weared_incorrect,185,200,499,629
IMG_196.jpg,1280,1280,mask_weared_incorrect,245,304,914,1100
IMG_197.jpg,519,1152,mask_weared_incorrect,3,60,393,563
IMG_198.jpg,519,1152,mask_weared_incorrect,36,69,486,663
IMG_199.jpg,1280,720,mask_weared_incorrect,388,86,689,457
IMG_2.jpg,720,1280,mask_weared_incorrect,204,339,473,723
IMG_20.jpg,720,1280,mask_weared_incorrect,204,276,467,651
IMG_200.jpg,519,1152,mask_weared_incorrect,35,70,486,709
IMG_201.jpg,519,1152,mask_weared_incorrect,5,123,407,660
IMG_202.jpg,1280,1280,mask_weared_incorrect,328,217,994,1068
IMG_203.jpg,1280,1280,mask_weared_incorrect,471,376,1028,1112
IMG_204.jpg,1280,1280,mask_weared_incorrect,359,215,1071,1070
IMG_205.jpg,1280,1280,mask_weared_incorrect,534,267,1050,941
IMG_206.jpg,1280,1280,mask_weared_incorrect,430,178,888,763
IMG_207.jpg,1280,1280,mask_weared_incorrect,322,172,1014,965
IMG_208.jpg,1280,1280,mask_weared_incorrect,255,125,898,1057
IMG_209.jpg,1280,1280,mask_weared_incorrect,500,94,1102,870
IMG_21.jpg,720,1280,mask_weared_incorrect,224,280,510,653
IMG_210.jpg,720,1280,mask_weared_incorrect,154,370,483,776
IMG_211.jpg,588,1280,mask_weared_incorrect,166,290,433,647
IMG_212.jpg,588,1280,mask_weared_incorrect,148,296,411,635
IMG_213.jpg,588,1280,mask_weared_incorrect,191,270,460,631
IMG_214.jpg,588,1280,mask_weared_incorrect,154,310,425,637
IMG_215.jpg,588,1280,mask_weared_incorrect,133,237,437,584
IMG_216.jpg,588,1280,mask_weared_incorrect,162,241,433,619
IMG_217.jpg,588,1280,mask_weared_incorrect,129,251,407,639
IMG_218.jpg,588,1280,mask_weared_incorrect,152,286,415,633
IMG_219.jpg,588,1280,mask_weared_incorrect,129,245,415,606
IMG_22.jpg,720,1280,mask_weared_incorrect,165,270,412,655
IMG_220.jpg,588,1280,mask_weared_incorrect,203,237,446,604
IMG_221.jpg,588,1280,without_mask,160,288,437,633
IMG_222.jpg,588,1280,without_mask,237,319,531,678
IMG_223.jpg,588,1280,without_mask,160,296,454,647
IMG_224.jpg,588,1280,without_mask,248,272,464,557
IMG_225.jpg,576,1280,without_mask,76,484,532,1049
IMG_226.jpg,720,1280,without_mask,169,321,485,684
IMG_227.jpg,720,1280,without_mask,124,402,455,745
IMG_228.jpg,720,1280,without_mask,140,390,442,737
IMG_229.jpg,720,1280,without_mask,173,304,477,661
IMG_23.jpg,588,1280,mask_weared_incorrect,137,249,417,625
IMG_230.jpg,720,1280,without_mask,175,286,473,651
IMG_231.jpg,720,1280,without_mask,183,337,448,633
IMG_232.jpg,720,1280,without_mask,222,386,487,712
IMG_233.jpg,720,1280,without_mask,181,333,428,639
IMG_234.jpg,720,1280,without_mask,159,380,487,743
IMG_235.jpg,720,1280,without_mask,204,384,497,759
IMG_236.jpg,720,1280,without_mask,157,284,542,784
IMG_237.jpg,720,1280,without_mask,148,176,503,633
IMG_238.jpg,720,1280,without_mask,126,174,508,637
IMG_239.jpg,720,1280,without_mask,108,165,471,643
IMG_24.jpg,720,1280,mask_weared_incorrect,195,406,508,792
IMG_240.jpg,720,1280,without_mask,106,174,497,639
IMG_241.jpg,720,1280,without_mask,63,221,424,645
IMG_242.jpg,720,1280,without_mask,93,251,414,663
IMG_243.jpg,720,1280,without_mask,87,257,422,670
IMG_244.jpg,720,1280,without_mask,159,274,473,651
IMG_245.jpg,720,1280,without_mask,154,237,514,680
IMG_246.jpg,720,1280,without_mask,144,241,501,676
IMG_247.jpg,720,1280,without_mask,146,247,485,682
IMG_248.jpg,588,1280,without_mask,144,306,425,668
IMG_249.jpg,588,1280,without_mask,168,215,464,617
IMG_25.jpg,588,1280,mask_weared_incorrect,201,296,450,665
IMG_250.jpg,588,1280,without_mask,146,317,419,666
IMG_251.jpg,588,1280,without_mask,178,253,419,561
IMG_252.jpg,588,1280,without_mask,131,276,380,596
IMG_253.jpg,588,1280,without_mask,115,261,384,598
IMG_254.jpg,638,1280,without_mask,105,245,503,690
IMG_255.jpg,638,1280,without_mask,201,227,485,602
IMG_256.jpg,638,1280,without_mask,195,259,524,633
IMG_257.jpg,638,1280,without_mask,18,174,469,692
IMG_258.jpg,638,1280,without_mask,114,190,424,635
IMG_259.jpg,638,1280,without_mask,169,141,534,631
IMG_26.jpg,588,1280,mask_weared_incorrect,152,227,427,602
IMG_260.jpg,588,1280,without_mask,162,308,405,600
IMG_261.jpg,588,1280,without_mask,154,270,431,629
IMG_262.jpg,720,1280,with_mask,236,431,475,719
IMG_263.jpg,720,1280,with_mask,173,219,428,539
IMG_264.jpg,720,1280,with_mask,163,251,406,565
IMG_265.jpg,720,1280,with_mask,212,188,479,539
IMG_266.jpg,720,1280,with_mask,191,300,483,672
IMG_267.jpg,720,1280,with_mask,191,286,471,623
IMG_268.jpg,720,1280,with_mask,159,304,432,619
IMG_269.jpg,720,1280,with_mask,42,666,285,957
IMG_269.jpg,720,1280,with_mask,412,319,630,578
IMG_27.jpg,588,1280,mask_weared_incorrect,135,268,415,668
IMG_270.jpg,588,1280,with_mask,217,178,480,549
IMG_271.jpg,638,1280,with_mask,79,206,467,680
IMG_272.jpg,720,1280,with_mask,297,331,542,651
IMG_273.jpg,1280,720,with_mask,222,313,397,512
IMG_273.jpg,1280,720,with_mask,598,73,766,291
IMG_274.jpg,1280,720,with_mask,470,103,739,423
IMG_275.jpg,720,1280,with_mask,165,217,432,537
IMG_276.jpg,1280,720,with_mask,293,285,467,495
IMG_276.jpg,1280,720,with_mask,640,49,807,264
IMG_277.jpg,1280,720,with_mask,238,309,463,567
IMG_277.jpg,1280,720,with_mask,584,32,775,276
IMG_278.jpg,720,1280,with_mask,230,398,461,698
IMG_279.jpg,720,1280,with_mask,179,439,434,768
IMG_28.jpg,588,1280,mask_weared_incorrect,184,229,460,612
IMG_280.jpg,720,1280,with_mask,34,631,283,939
IMG_280.jpg,720,1280,with_mask,406,288,626,566
IMG_281.jpg,606,1280,with_mask,91,37,485,759
IMG_282.jpg,720,1280,with_mask,216,325,514,733
IMG_283.jpg,1280,720,with_mask,269,298,474,536
IMG_283.jpg,1280,720,with_mask,665,26,861,282
IMG_284.jpg,720,1280,with_mask,261,337,510,661
IMG_285.jpg,720,1280,with_mask,252,408,506,700
IMG_286.jpg,1280,720,with_mask,397,88,658,421
IMG_287.jpg,720,1280,with_mask,157,337,455,698
IMG_288.jpg,588,1280,with_mask,138,192,427,553
IMG_289.jpg,588,1280,with_mask,119,243,399,606
IMG_29.jpg,588,1280,mask_weared_incorrect,133,215,425,610
IMG_290.jpg,638,1280,with_mask,144,194,516,706
IMG_291.jpg,720,1280,with_mask,246,235,530,612
IMG_292.jpg,720,1280,with_mask,222,245,501,604
IMG_293.jpg,588,1280,with_mask,127,196,411,537
IMG_294.jpg,588,1280,with_mask,76,245,395,612
IMG_295.jpg,1280,1280,with_mask,371,72,953,802
IMG_296.jpg,638,1280,with_mask,101,214,503,708
IMG_297.jpg,784,696,with_mask,89,34,337,366
IMG_297.jpg,784,696,with_mask,446,132,760,593
IMG_298.jpg,588,1280,with_mask,111,243,386,600
IMG_299.jpg,588,1280,with_mask,113,261,399,610
IMG_3.jpg,588,1280,mask_weared_incorrect,191,263,433,625
IMG_30.jpg,588,1280,mask_weared_incorrect,158,221,446,592
IMG_300.jpg,638,1280,with_mask,95,239,465,727
IMG_301.jpg,720,1280,with_mask,212,310,493,651
IMG_302.jpg,720,1280,with_mask,183,249,503,584
IMG_303.jpg,720,1280,with_mask,214,292,489,645
IMG_304.jpg,720,1280,with_mask,232,259,540,596
IMG_305.jpg,720,1280,with_mask,244,245,538,610
IMG_306.jpg,720,1280,with_mask,195,231,483,570
IMG_307.jpg,588,1280,with_mask,199,263,466,617
IMG_308.jpg,638,1280,with_mask,122,215,489,731
IMG_309.jpg,638,1280,with_mask,152,180,516,651
IMG_31.jpg,588,1280,mask_weared_incorrect,164,237,425,604
IMG_310.jpg,720,1280,with_mask,228,263,501,647
IMG_311.jpg,720,1280,with_mask,191,243,508,619
IMG_312.jpg,720,1280,with_mask,261,410,548,768
IMG_313.jpg,1280,720,with_mask,477,112,753,445
IMG_314.jpg,720,1280,with_mask,222,361,477,670
IMG_315.jpg,1280,720,with_mask,298,99,598,467
IMG_316.jpg,720,1280,with_mask,246,400,489,706
IMG_317.jpg,606,1280,with_mask,87,74,510,702
IMG_318.jpg,640,1280,without_mask,225,23,638,670
IMG_319.jpg,960,1280,without_mask,342,257,597,577
IMG_319.jpg,960,1280,without_mask,203,430,247,477
IMG_319.jpg,960,1280,without_mask,710,338,773,408
IMG_32.jpg,588,1280,mask_weared_incorrect,219,245,480,602
IMG_320.jpg,960,1280,without_mask,422,127,630,400
IMG_321.jpg,640,1280,without_mask,282,165,627,667
IMG_322.jpg,640,1280,without_mask,242,165,473,415
IMG_323.jpg,596,1280,without_mask,112,82,495,670
IMG_324.jpg,591,1280,without_mask,212,200,382,438
IMG_325.jpg,719,1280,with_mask,91,248,359,555
IMG_325.jpg,719,1280,with_mask,339,385,686,797
IMG_326.jpg,719,1280,with_mask,24,443,382,948
IMG_326.jpg,719,1280,without_mask,442,373,666,665
IMG_327.jpg,719,1280,with_mask,67,430,434,992
IMG_327.jpg,719,1280,with_mask,1,212,57,338
IMG_327.jpg,719,1280,without_mask,489,412,719,763
IMG_328.jpg,606,1280,with_mask,145,90,606,703
IMG_329.jpg,606,1280,with_mask,132,40,514,715
IMG_33.jpg,588,1280,mask_weared_incorrect,154,239,417,596
IMG_330.jpg,606,1280,mask_weared_incorrect,237,168,606,827
IMG_331.jpg,606,1280,mask_weared_incorrect,14,72,474,752
IMG_332.jpg,606,1280,mask_weared_incorrect,92,17,539,760
IMG_333.jpg,591,1280,without_mask,352,195,507,413
IMG_334.jpg,588,1280,without_mask,241,347,453,627
IMG_335.jpg,1280,591,without_mask,360,5,618,342
IMG_335.jpg,1280,591,without_mask,789,133,991,393
IMG_336.jpg,1280,960,without_mask,193,6,465,362
IMG_336.jpg,1280,960,without_mask,755,139,1011,486
IMG_337.jpg,588,1280,without_mask,1,288,203,547
IMG_338.jpg,1280,588,without_mask,279,33,486,292
IMG_339.jpg,1280,588,without_mask,376,38,504,216
IMG_34.jpg,588,1280,mask_weared_incorrect,144,261,413,641
IMG_340.jpg,1280,588,without_mask,372,45,518,223
IMG_341.jpg,1280,588,without_mask,724,182,890,403
IMG_342.jpg,1280,588,without_mask,773,129,931,334
IMG_343.jpg,1280,591,without_mask,716,2,1065,322
IMG_343.jpg,1280,591,without_mask,435,30,633,254
IMG_343.jpg,1280,591,without_mask,263,140,423,296
IMG_343.jpg,1280,591,without_mask,141,359,307,518
IMG_344.jpg,1280,591,without_mask,589,62,888,437
IMG_345.jpg,593,1280,without_mask,111,35,593,830
IMG_346.jpg,960,1280,without_mask,38,288,400,732
IMG_346.jpg,960,1280,without_mask,482,208,815,582
IMG_347.jpg,960,1280,without_mask,163,138,348,380
IMG_347.jpg,960,1280,without_mask,520,277,702,507
IMG_348.jpg,960,1280,without_mask,392,312,525,482
IMG_349.jpg,1280,588,without_mask,307,138,444,311
IMG_349.jpg,1280,588,without_mask,437,294,563,435
IMG_349.jpg,1280,588,without_mask,696,216,824,380
IMG_349.jpg,1280,588,without_mask,898,63,1050,242
IMG_35.jpg,720,1280,mask_weared_incorrect,155,280,473,710
IMG_350.jpg,1280,960,without_mask,828,392,1161,806
IMG_350.jpg,1280,960,without_mask,82,229,416,672
IMG_350.jpg,1280,960,without_mask,457,467,641,720
IMG_350.jpg,1280,960,without_mask,497,126,661,360
IMG_351.jpg,588,1280,without_mask,73,113,271,350
IMG_352.jpg,1280,588,without_mask,372,22,576,285
IMG_353.jpg,591,1280,without_mask,278,197,430,375
IMG_354.jpg,1280,588,without_mask,701,34,833,197
IMG_36.jpg,588,1280,mask_weared_incorrect,193,257,462,668
IMG_37.jpg,588,1280,mask_weared_incorrect,162,241,440,647
IMG_38.jpg,588,1280,mask_weared_incorrect,152,249,427,615
IMG_39.jpg,588,1280,mask_weared_incorrect,135,225,399,604
IMG_4.jpg,588,1280,mask_weared_incorrect,160,268,403,610
IMG_40.jpg,588,1280,mask_weared_incorrect,154,229,423,625
IMG_41.jpg,588,1280,mask_weared_incorrect,140,206,407,619
IMG_42.jpg,588,1280,mask_weared_incorrect,113,229,401,629
IMG_43.jpg,588,1280,mask_weared_incorrect,152,219,440,643
IMG_44.jpg,588,1280,mask_weared_incorrect,144,214,433,639
IMG_45.jpg,588,1280,mask_weared_incorrect,88,223,401,661
IMG_46.jpg,720,1280,mask_weared_incorrect,226,266,528,704
IMG_47.jpg,588,1280,mask_weared_incorrect,111,280,405,692
IMG_48.jpg,588,1280,mask_weared_incorrect,103,261,395,670
IMG_49.jpg,588,1280,mask_weared_incorrect,170,272,435,678
IMG_5.jpg,588,1280,mask_weared_incorrect,184,237,425,598
IMG_50.jpg,588,1280,mask_weared_incorrect,105,272,378,696
IMG_51.jpg,588,1280,mask_weared_incorrect,199,214,456,615
IMG_52.jpg,588,1280,mask_weared_incorrect,197,214,456,608
IMG_53.jpg,588,1280,mask_weared_incorrect,119,247,405,627
IMG_54.jpg,588,1280,mask_weared_incorrect,168,245,429,623
IMG_55.jpg,588,1280,mask_weared_incorrect,109,255,427,619
IMG_56.jpg,588,1280,mask_weared_incorrect,109,182,401,596
IMG_57.jpg,720,1280,mask_weared_incorrect,224,268,518,682
IMG_58.jpg,588,1280,mask_weared_incorrect,113,243,399,617
IMG_59.jpg,588,1280,mask_weared_incorrect,129,245,429,619
IMG_6.jpg,588,1280,mask_weared_incorrect,133,268,391,617
IMG_60.jpg,588,1280,mask_weared_incorrect,103,237,403,659
IMG_61.jpg,588,1280,mask_weared_incorrect,113,194,419,596
IMG_62.jpg,588,1280,mask_weared_incorrect,117,219,427,623
IMG_63.jpg,588,1280,mask_weared_incorrect,111,237,411,672
IMG_64.jpg,588,1280,mask_weared_incorrect,152,296,437,680
IMG_65.jpg,588,1280,mask_weared_incorrect,117,255,403,665
IMG_66.jpg,588,1280,mask_weared_incorrect,123,214,440,633
IMG_67.jpg,588,1280,mask_weared_incorrect,193,149,491,602
IMG_68.jpg,720,1280,mask_weared_incorrect,175,249,463,684
IMG_69.jpg,588,1280,mask_weared_incorrect,191,208,484,623
IMG_7.jpg,588,1280,mask_weared_incorrect,158,280,397,619
IMG_70.jpg,588,1280,mask_weared_incorrect,119,221,438,647
IMG_71.jpg,588,1280,mask_weared_incorrect,131,198,429,615
IMG_72.jpg,588,1280,mask_weared_incorrect,109,219,388,578
IMG_73.jpg,588,1280,mask_weared_incorrect,140,215,431,598
IMG_74.jpg,588,1280,mask_weared_incorrect,184,210,454,625
IMG_75.jpg,588,1280,mask_weared_incorrect,166,223,460,570
IMG_76.jpg,588,1280,mask_weared_incorrect,146,202,438,623
IMG_77.jpg,588,1280,mask_weared_incorrect,213,202,466,637
IMG_78.jpg,588,1280,mask_weared_incorrect,140,172,446,592
IMG_79.jpg,720,1280,mask_weared_incorrect,242,261,518,680
IMG_8.jpg,588,1280,mask_weared_incorrect,189,286,446,645
IMG_80.jpg,588,1280,mask_weared_incorrect,99,212,413,627
IMG_81.jpg,588,1280,mask_weared_incorrect,115,268,413,678
IMG_82.jpg,588,1280,mask_weared_incorrect,213,278,499,666
IMG_83.jpg,588,1280,mask_weared_incorrect,117,255,450,690
IMG_84.jpg,588,1280,mask_weared_incorrect,111,221,389,643
IMG_85.jpg,588,1280,mask_weared_incorrect,184,243,468,631
IMG_86.jpg,588,1280,mask_weared_incorrect,105,214,437,619
IMG_87.jpg,588,1280,mask_weared_incorrect,229,259,497,619
IMG_88.jpg,588,1280,mask_weared_incorrect,178,245,468,635
IMG_89.jpg,588,1280,mask_weared_incorrect,156,241,435,619
IMG_9.jpg,1280,1280,mask_weared_incorrect,434,374,851,965
IMG_90.jpg,720,1280,mask_weared_incorrect,199,343,477,710
IMG_91.jpg,588,1280,mask_weared_incorrect,178,221,452,608
IMG_92.jpg,588,1280,mask_weared_incorrect,231,208,478,602
IMG_93.jpg,588,1280,mask_weared_incorrect,238,214,489,604
IMG_94.jpg,588,1280,mask_weared_incorrect,231,180,478,588
IMG_95.jpg,588,1280,mask_weared_incorrect,152,219,421,584
IMG_96.jpg,588,1280,mask_weared_incorrect,148,202,415,578
IMG_97.jpg,588,1280,mask_weared_incorrect,137,198,411,580
IMG_98.jpg,1280,588,mask_weared_incorrect,561,78,763,364
IMG_99.jpg,588,1280,mask_weared_incorrect,86,221,368,594
istockphoto-1224397357-612x612.jpg,612,408,mask_weared_incorrect,214,55,461,340
iuh.jpg,410,574,mask_weared_incorrect,182,134,388,408
iuhu.jpg,789,804,mask_weared_incorrect,73,7,652,804
jhb.jpg,611,747,mask_weared_incorrect,169,2,490,367
jhbh.jpg,794,746,without_mask,4,236,320,619
jhbh.jpg,794,746,without_mask,336,163,693,586
jhbkj.jpg,627,733,mask_weared_incorrect,352,5,449,157
jhbu.jpg,632,785,mask_weared_incorrect,138,26,509,590
jhh.jpg,778,789,mask_weared_incorrect,308,6,461,295
Mahesh-1321968133-1590154500.jpg,452,274,with_mask,166,2,310,161
male-taking-off-face-mask.jpg,640,426,mask_weared_incorrect,219,24,542,425
medium-shot-woman-taking-off-mask_23-2148610298.jpg,626,352,mask_weared_incorrect,136,37,278,208
photos_ranbir_kapoor_walks_out_of_the_mumbai_airport_with_a_mask_on_his_face_heres_why.jpg,750,750,with_mask,292,124,424,257
portrait-tired-young-doctor-taking-off-medical-face-mask_146377-3334.jpg,626,469,mask_weared_incorrect,217,57,400,282
prabhas-1498632411-1512726825.jpg,700,466,without_mask,270,93,439,274
Prabhas-in-mask.jpg,1200,804,with_mask,400,125,775,610
PSX_20190410_005221.jpg,6000,4000,without_mask,2938,775,3775,1881
retrato-de-una-nia-aspecto-europeo-con-mscara-desechable-y-dos-colas-ponis-la-chica-se-saca-mano-coronavirus-en-europa-180096186.jpg,800,533,mask_weared_incorrect,186,93,440,368
roshan_poster.jpg,200,300,without_mask,84,23,164,130
shutterstock-1746050948-bed6d369e24407c778af77fc6acccb0d_750x500.jpg,750,500,mask_weared_incorrect,276,76,478,432
Z.jpg,225,225,without_mask,72,21,146,113
